day,power_output
2020-01-01,230519.8
2020-01-02,459797.5
2020-01-03,384775.6
2020-01-04,1000155.6
2020-01-05,95877.6
2020-01-06,70894.2
2020-01-07,158179.0
2020-01-08,463138.3
2020-01-09,52105.7
2020-01-10,21819.7
2020-01-11,60891.9
2020-01-12,54221.8
2020-01-13,75554.3
2020-01-14,35190.8
2020-01-15,9243.1
2020-01-16,10932.7
2020-01-17,4473.4
2020-01-18,3692.2000000000003
2020-01-19,1272.8
2020-01-20,3026.4
2020-01-21,13176.6
2020-01-22,12925.9
2020-01-23,24123.8
2020-01-24,10452.1
2020-01-25,10823.3
2020-01-26,54789.5
2020-01-27,20541.7
2020-01-28,80258.4
2020-01-29,32519.5
2020-01-30,77060.3
2020-01-31,196472.6
2020-02-01,324972.5
2020-02-02,12982.1
2020-02-03,56461.0
2020-02-04,38196.0
2020-02-05,14158.4
2020-02-06,1465.2
2020-02-07,62568.4
2020-02-08,86664.2
2020-02-09,20230.7
2020-02-10,15036.3
2020-02-11,851.1999999999999
2020-02-12,5576.6
2020-02-13,2875.6
2020-02-14,3554.4
2020-02-15,615.7
2020-02-16,4212.5
2020-02-17,3836.3
2020-02-18,3060.5
2020-02-19,863.8
2020-02-20,1735.0
2020-02-21,1066.4
2020-02-22,445.9
2020-02-23,62.6
2020-02-24,21.5
2020-02-25,32.7
2020-02-26,46.5
2020-02-27,1106.6
2020-02-28,791.7
2020-02-29,1437.6000000000001
2020-03-01,569.3
2020-03-02,368.4
2020-03-03,1601.0
2020-03-04,7023.7
2020-03-05,666.7
2020-03-07,523.0999999999999
2020-03-08,355.5
2020-03-09,1459.6
2020-03-10,1915.0
2020-03-11,4139.7
2020-03-12,2494.2
2020-03-13,511.1
2020-03-14,1431.1
2020-03-15,4510.0
2020-03-16,6949.0
2020-03-17,6183.0
2020-03-18,2209.4
2020-03-19,3578.5
2020-03-20,2217.4
2020-03-21,3022.9
2020-03-22,1371.6
2020-03-23,4018.5
2020-03-24,2877.4
2020-03-25,4464.0
2020-03-26,15653.0
2020-03-27,6331.2
2020-03-28,3118.5
2020-03-29,1537.1
2020-03-30,3271.1
2020-03-31,7415.0
2020-04-01,3456.5
2020-04-02,2081.4
2020-04-03,2578.4
2020-04-04,3565.8
2020-04-05,2080.0
2020-04-06,3904.9
2020-04-07,1222.5
2020-04-08,3199.2
2020-04-09,6630.5
2020-04-10,2847.1
2020-04-11,1286.9
2020-04-12,923.1
2020-04-13,2331.4
2020-04-14,4370.2
2020-04-15,6160.1
2020-04-16,3921.0
2020-04-17,7858.8
2020-04-18,2223.7
2020-04-19,1287.9
2020-04-20,1565.6
2020-04-21,2979.9
2020-04-22,10512.3
2020-04-23,12816.8
2020-04-24,14673.4
2020-04-25,4643.9
2020-04-26,3889.2999999999997
2020-04-27,4369.6
2020-04-28,15743.5
2020-04-29,19307.2
2020-04-30,10300.6
2020-05-01,14685.2
2020-05-02,14575.3
2020-05-03,15079.6
2020-05-04,3404.4
2020-05-05,10233.7
2020-05-06,5499.1
2020-05-07,10335.2
2020-05-08,6146.9
2020-05-09,2897.9
2020-05-10,9097.9
2020-05-11,9289.5
2020-05-12,16964.6
2020-05-13,26388.4
2020-05-14,16437.8
2020-05-15,10627.5
2020-05-16,3212.9
2020-05-17,5782.2
2020-05-18,6024.6
2020-05-19,6201.9
2020-05-20,1376.0
2020-05-21,1950.9
2020-05-22,1882.1
2020-05-23,1391.1999999999998
2020-05-24,5587.0
2020-05-25,6487.400000000001
2020-05-26,2810.2
2020-05-27,7394.1
2020-05-28,6171.6
2020-05-29,6985.4
2020-05-30,20913.7
2020-05-31,1596.0
2020-06-01,9492.8
2020-06-02,8007.7
2020-06-03,14676.6
2020-06-04,17137.4
2020-06-05,3103.3
2020-06-06,4360.9
2020-06-07,6135.9
2020-06-08,7380.6
2020-06-09,15298.7
2020-06-10,7858.4
2020-06-11,3745.2
2020-06-12,2137.4
2020-06-13,1847.0
2020-06-14,1996.5
2020-06-15,9898.2
2020-06-16,4015.1
2020-06-17,13043.9
2020-06-18,8355.9
2020-06-19,8978.3
2020-06-20,2696.8
2020-06-21,2044.8
2020-06-22,5618.0
2020-06-23,3158.6
2020-06-24,13049.3
2020-06-25,10917.9
2020-06-26,5508.2
2020-06-27,4083.9
2020-06-28,2582.4
2020-06-29,5287.4
2020-06-30,3831.3
2020-07-01,8190.4
2020-07-02,5810.4
2020-07-03,4486.0
2020-07-04,7428.3
2020-07-05,8490.6
2020-07-06,9669.3
2020-07-07,3763.6
2020-07-08,6431.2
2020-07-09,3974.2
2020-07-10,4055.4
2020-07-11,2433.5
2020-07-12,5504.8
2020-07-13,9316.3
2020-07-14,7110.3
2020-07-15,30026.5
2020-07-16,12654.8
2020-07-17,19434.1
2020-07-18,6811.3
2020-07-19,5419.8
2020-07-20,11548.4
2020-07-21,9323.7
2020-07-22,19333.0
2020-07-23,7867.1
2020-07-24,11523.2
2020-07-25,3954.3
2020-07-26,9278.2
2020-07-27,5906.0
2020-07-28,16073.6
2020-07-29,13299.5
2020-07-30,13505.1
2020-07-31,12785.5
2020-08-01,4707.6
2020-08-02,5715.6
2020-08-03,1197.5
2020-08-04,1534.2
2020-08-05,2463.3
2020-08-06,3226.6
2020-08-07,1588.4
2020-08-08,1464.1000000000001
2020-08-09,1349.4
2020-08-10,1226.0
2020-08-11,4135.4
2020-08-12,2205.7
2020-08-13,3335.9
2020-08-14,6225.0
2020-08-15,2019.0
2020-08-16,3352.8
2020-08-17,548.3
2020-08-18,1762.4
2020-08-19,729.9
2020-08-20,623.1
2020-08-21,992.1
2020-08-22,2513.7
2020-08-23,3986.1
2020-08-24,3594.4
2020-08-25,3787.5
2020-08-26,2506.0
2020-08-27,11820.0
2020-08-28,5517.2
2020-08-29,11396.6
2020-08-30,3362.6
2020-08-31,4365.0
2020-09-01,9696.9
2020-09-02,2710.2
2020-09-03,7872.8
2020-09-04,11350.1
2020-09-05,5869.4
2020-09-06,13052.1
2020-09-07,12412.4
2020-09-08,11511.0
2020-09-09,9657.800000000001
2020-09-10,21487.5
2020-09-11,3158.6
2020-09-12,4855.0
2020-09-13,6795.9
2020-09-14,15977.4
2020-09-15,11266.3
2020-09-16,11201.9
2020-09-17,7485.1
2020-09-18,1179.1
2020-09-19,553.4
2020-09-20,2753.6
2020-09-21,10329.5
2020-09-22,4351.0
2020-09-23,6213.4
2020-09-24,4756.1
2020-09-25,5913.5
2020-09-26,5246.0
2020-09-27,11308.8
2020-09-28,8698.6
2020-09-29,9879.4
2020-09-30,6783.8
2020-10-01,5519.8
2020-10-02,14387.3
2020-10-03,9484.3
2020-10-04,4244.2
2020-10-05,2041.4
2020-10-06,7682.8
2020-10-07,9121.8
2020-10-08,13635.2
2020-10-09,23893.4
2020-10-10,19958.9
2020-10-11,6945.3
2020-10-12,9182.8
2020-10-13,10181.0
2020-10-14,6362.6
2020-10-15,8393.1
2020-10-16,6472.7
2020-10-17,9183.4
2020-10-18,15217.4
2020-10-19,18435.1
2020-10-20,18087.1
2020-10-21,14543.7
2020-10-22,13091.8
2020-10-23,3789.3
2020-10-24,8207.7
2020-10-25,4745.5
2020-10-26,4158.0
2020-10-27,3619.6
2020-10-28,19842.5
2020-10-29,23450.4
2020-10-30,24142.0
2020-10-31,27259.2
2020-11-01,37405.8
2020-11-02,36838.2
2020-11-03,18837.9
2020-11-04,50746.6
2020-11-05,64308.8
2020-11-06,28940.2
2020-11-07,24467.3
2020-11-08,29685.0
2020-11-09,25966.5
2020-11-10,40817.7
2020-11-11,22117.6
2020-11-12,18711.5
2020-11-13,16025.0
2020-11-14,28447.4
2020-11-15,27884.5
2020-11-16,75303.9
2020-11-17,53571.2
2020-11-18,37237.5
2020-11-19,33074.3
2020-11-20,19244.6
2020-11-21,35299.0
2020-11-22,28743.9
2020-11-23,41186.6
2020-11-24,19848.4
2020-11-25,14132.1
2020-11-26,13194.1
2020-11-27,9515.0
2020-11-28,8100.8
2020-11-29,20545.3
2020-11-30,15527.1
2020-12-01,8909.4
2020-12-02,15141.6
2020-12-03,7453.6
2020-12-04,22875.8
2020-12-05,20522.7
2020-12-06,14908.1
2020-12-07,14787.5
2020-12-08,16737.1
2020-12-09,13116.9
2020-12-10,1652.6
2020-12-11,21073.1
2020-12-12,7355.0
2020-12-13,13268.0
2020-12-14,4894.0
2020-12-15,1153.2
2020-12-16,1124.2
2020-12-17,2067.8
2020-12-18,6914.6
2020-12-19,816.6
2020-12-20,2212.6
2020-12-21,2055.1
2020-12-22,1338.6
2020-12-23,1069.5
2020-12-24,336.3
2020-12-26,69.0
2020-12-27,1525.9
2020-12-28,628.8
2020-12-29,337.7
2020-12-30,506.40000000000003
2020-12-31,535.1
2021-01-01,5156.7
2021-01-02,2161.2999999999997
2021-01-03,177.6
2021-01-04,10997.9
2021-01-05,7079.3
2021-01-06,3569.9
2021-01-07,3653.9
2021-01-08,346.5
2021-01-09,492.9
2021-01-10,1162.0
2021-01-11,840.8
2021-01-12,2020.8
2021-01-13,3959.3
2021-01-14,2147.4
2021-01-15,5721.9
2021-01-16,3148.6
2021-01-17,2190.1
2021-01-18,1393.8
2021-01-19,420.6
2021-01-20,1722.1
2021-01-21,15508.7
2021-01-22,6712.8
2021-01-23,22249.4
2021-01-24,4531.9
2021-01-25,2237.3
2021-01-26,2917.5
2021-01-27,4672.4
2021-01-28,1495.6
2021-01-29,1049.3
2021-01-30,852.0
2021-01-31,225.8
2021-02-01,23000.1
2021-02-02,6410.4
2021-02-03,5730.1
2021-02-04,2626.1
2021-02-06,786.5
2021-02-07,67.5
2021-02-08,170.3
2021-02-09,1936.5
2021-02-10,1572.1
2021-02-11,1710.1999999999998
2021-02-12,566.4
2021-02-13,107.9
2021-02-14,17.6
2021-02-15,617.6
2021-02-16,978.8
2021-02-17,2199.9
2021-02-18,517.3000000000001
2021-02-19,91.1
2021-02-20,1243.7
2021-02-21,518.0
2021-02-22,3256.7
2021-02-23,7373.4
2021-02-24,4090.9
2021-02-25,858.6
2021-02-26,2383.7
2021-02-27,974.6
2021-02-28,2291.9
2021-03-01,3629.3
2021-03-02,1629.2
2021-03-03,4584.9
2021-03-04,4448.2
2021-03-05,6623.0
2021-03-06,8074.2
2021-03-07,2480.2
2021-03-08,3757.0
2021-03-09,6853.4
2021-03-10,13649.4
2021-03-11,2837.0
2021-03-12,2347.4
2021-03-13,247.3
2021-03-14,298.2
2021-03-15,4047.2
2021-03-16,13713.7
2021-03-17,5617.5
2021-03-18,15091.9
2021-03-19,11954.6
2021-03-20,812.4
2021-03-21,733.0
2021-03-22,348.3
2021-03-23,777.4
2021-03-24,966.5
2021-03-25,1464.5
2021-03-26,1122.7
2021-03-27,1331.2
2021-03-28,421.8
2021-03-29,2653.7
2021-03-30,9537.9
2021-03-31,22034.4
2021-04-01,24947.3
2021-04-02,8570.1
2021-04-03,6528.3
2021-04-04,3254.9
2021-04-05,11720.1
2021-04-06,40827.4
2021-04-07,19991.8
2021-04-08,17898.4
2021-04-09,5510.8
2021-04-10,4924.3
2021-04-11,1918.5
2021-04-12,12279.9
2021-04-13,2400.9
2021-04-14,7654.5
2021-04-15,13213.8
2021-04-16,13803.7
2021-04-17,12771.7
2021-04-18,13387.4
2021-04-19,6745.8
2021-04-20,21484.7
2021-04-21,13185.1
2021-04-22,18538.6
2021-04-23,32868.2
2021-04-24,31147.3
2021-04-25,22686.0
2021-04-26,13160.9
2021-04-27,19891.3
2021-04-28,13721.8
2021-04-29,23732.5
2021-04-30,27665.0
2021-05-01,11451.8
2021-05-02,18834.1
2021-05-03,11305.0
2021-05-04,25416.9
2021-05-05,4609.0
2021-05-06,17524.8
2021-05-07,4475.3
2021-05-08,10976.8
2021-05-09,8602.2
2021-05-10,17533.9
2021-05-11,47667.7
2021-05-12,22774.6
2021-05-13,16707.9
2021-05-14,10693.7
2021-05-15,20342.7
2021-05-16,16695.0
2021-05-17,16912.3
2021-05-18,24534.5
2021-05-19,36256.3
2021-05-20,13614.4
2021-05-21,13385.0
2021-05-22,9876.7
2021-05-23,9204.6
2021-05-24,7237.7
2021-05-25,14295.9
2021-05-26,21373.8
2021-05-27,26756.9
2021-05-28,18404.1
2021-05-29,11734.1
2021-05-30,7747.4
2021-05-31,5731.9
2021-06-01,1774.8999999999999
2021-06-02,4729.0
2021-06-03,5113.6
2021-06-04,4179.0
2021-06-05,4698.9
2021-06-06,8528.8
2021-06-07,5225.2
2021-06-08,4434.9
2021-06-09,11893.3
2021-06-10,7475.8
2021-06-11,4816.1
2021-06-12,2114.1
2021-06-13,2139.0
2021-06-14,2168.2
2021-06-15,1358.7
2021-06-16,12751.3
2021-06-17,7420.400000000001
2021-06-18,8544.3
2021-06-19,3686.6
2021-06-20,9457.2
2021-06-21,7278.6
2021-06-22,10731.3
2021-06-23,1261.4
2021-06-24,3809.0
2021-06-25,3482.3
2021-06-26,1395.9
2021-06-27,9342.9
2021-06-28,5205.3
2021-06-29,3330.4
2021-06-30,3852.4
2021-07-01,2853.8
2021-07-02,9118.9
2021-07-03,6191.400000000001
2021-07-04,5916.3
2021-07-05,4152.6
2021-07-06,5980.4
2021-07-07,5306.1
2021-07-08,6110.6
2021-07-09,7653.3
2021-07-10,5268.8
2021-07-11,12297.6
2021-07-12,6189.4
2021-07-13,17360.6
2021-07-14,3620.5
2021-07-15,2868.3
2021-07-16,2486.0
2021-07-17,4064.2000000000003
2021-07-18,4947.2
2021-07-19,1994.7
2021-07-20,15471.7
2021-07-21,14989.5
2021-07-22,17964.9
2021-07-23,5852.9
2021-07-24,15333.6
2021-07-25,9866.0
2021-07-26,10473.0
2021-07-27,7223.4
2021-07-28,5483.1
2021-07-29,21357.5
2021-07-30,11523.2
2021-07-31,15065.3
2021-08-01,6423.5
2021-08-02,6502.0
2021-08-03,6925.7
2021-08-04,4744.4
2021-08-05,14828.4
2021-08-06,8390.4
2021-08-07,14968.0
2021-08-08,13316.8
2021-08-09,15607.1
2021-08-10,9753.8
2021-08-11,8004.6
2021-08-12,12199.1
2021-08-13,12557.9
2021-08-14,11075.8
2021-08-15,15141.7
2021-08-16,42306.5
2021-08-17,27666.8
2021-08-18,17147.4
2021-08-19,31870.5
2021-08-20,13325.0
2021-08-21,27416.9
2021-08-22,15408.3
2021-08-23,12418.9
2021-08-24,8002.1
2021-08-25,10632.9
2021-08-26,11529.0
2021-08-27,7498.4
2021-08-28,22505.1
2021-08-29,24846.8
2021-08-30,54619.4
2021-08-31,17652.9
2021-09-01,21081.4
2021-09-02,7183.599999999999
2021-09-03,5358.8
2021-09-04,3538.5
2021-09-05,5010.0
2021-09-06,16949.0
2021-09-07,8292.3
2021-09-08,17204.0
2021-09-09,21626.7
2021-09-10,22723.4
2021-09-11,16444.5
2021-09-12,14857.4
2021-09-13,9307.0
2021-09-14,10513.5
2021-09-15,9361.2
2021-09-16,16243.3
2021-09-17,17908.7
2021-09-18,53928.8
2021-09-19,21394.7
2021-09-20,40344.1
2021-09-21,74732.6
2021-09-22,23792.2
2021-09-23,59705.5
2021-09-24,10014.2
2021-09-25,15421.8
2021-09-26,11021.3
2021-09-27,9864.2
2021-09-28,12828.2
2021-09-29,5925.1
2021-09-30,7245.3
2021-10-01,9914.6
2021-10-02,39281.5
2021-10-03,17515.8
2021-10-04,20589.7
2021-10-05,25582.8
2021-10-06,21687.7
2021-10-07,14955.5
2021-10-08,13620.3
2021-10-09,15836.7
2021-10-10,12801.5
2021-10-11,7337.1
2021-10-12,25576.5
2021-10-13,14075.1
2021-10-14,15159.4
2021-10-15,22368.5
2021-10-16,30394.4
2021-10-17,93219.5
2021-10-18,61800.8
2021-10-19,63537.8
2021-10-20,84976.1
2021-10-21,110351.4
2021-10-22,134043.0
2021-10-23,117439.5
2021-10-24,75349.8
2021-10-25,45472.6
2021-10-26,42304.9
2021-10-27,43260.5
2021-10-28,60063.7
2021-10-29,31317.4
2021-10-30,38576.1
2021-10-31,42791.9
2021-11-01,44918.6
2021-11-02,22381.2
2021-11-03,32761.1
2021-11-04,55231.9
2021-11-05,27736.5
2021-11-06,27653.9
2021-11-07,15261.9
2021-11-08,11525.3
2021-11-09,8104.1
2021-11-10,16968.6
2021-11-11,24124.6
2021-11-12,29557.0
2021-11-13,35620.4
2021-11-14,27006.6
2021-11-15,26749.9
2021-11-16,26412.0
2021-11-17,38683.5
2021-11-18,86435.1
2021-11-19,26282.8
2021-11-20,41167.8
2021-11-21,15629.5
2021-11-22,24258.8
2021-11-23,23372.9
2021-11-24,23423.8
2021-11-25,45277.8
2021-11-26,46238.7
2021-11-27,23932.0
2021-11-28,14873.7
2021-11-29,23514.5
2021-11-30,34800.1
2021-12-01,15526.4
2021-12-02,13498.6
2021-12-03,15326.9
2021-12-04,18870.4
2021-12-05,26207.4
2021-12-06,23773.100000000002
2021-12-07,31658.5
2021-12-08,32092.0
2021-12-09,30113.3
2021-12-10,56006.8
2021-12-11,37742.6
2021-12-12,40528.6
2021-12-13,43752.7
2021-12-14,13296.1
2021-12-15,16381.5
2021-12-16,17146.5
2021-12-17,35470.1
2021-12-18,23920.5
2021-12-19,15792.7
2021-12-20,42121.6
2021-12-21,23800.4
2021-12-22,39095.5
2021-12-23,39162.6
2021-12-24,22941.7
2021-12-25,20219.1
2021-12-26,11376.3
2021-12-27,26363.3
2021-12-28,16319.5
2021-12-29,7637.0
2021-12-30,4133.0
2021-12-31,6673.3
2022-01-01,4142.5
2022-01-02,4842.0
2022-01-03,5815.900000000001
2022-01-04,2862.7
2022-01-05,12930.5
2022-01-06,36854.1
2022-01-07,45555.3
2022-01-08,21989.6
2022-01-09,22565.0
2022-01-10,30437.3
2022-01-11,140314.0
2022-01-12,33150.3
2022-01-13,77306.0
2022-01-14,29180.8
2022-01-15,14912.4
2022-01-16,4544.5
2022-01-17,2475.8
2022-01-18,1883.0
2022-01-19,6362.0
2022-01-20,6826.7
2022-01-21,5286.7
2022-01-22,314.9
2022-01-23,1216.3
2022-01-24,5045.5
2022-01-25,1382.3
2022-01-26,444.1
2022-01-27,294.6
2022-01-28,1022.3000000000001
2022-01-29,2731.0
2022-01-30,3051.1
2022-01-31,3920.2000000000003
2022-02-01,2191.8
2022-02-02,1736.4
2022-02-03,584.7
2022-02-04,5088.8
2022-02-05,16447.7
2022-02-06,9592.9
2022-02-07,1735.1
2022-02-08,627.9
2022-02-09,361.4
2022-02-10,2447.7
2022-02-11,510.7
2022-02-12,499.40000000000003
2022-02-13,2622.7
2022-02-14,1287.2
2022-02-15,2841.3
2022-02-16,4398.8
2022-02-17,1876.5
2022-02-18,11886.0
2022-02-19,10689.8
2022-02-20,20205.5
2022-02-21,4930.1
2022-02-22,2631.1
2022-02-23,4705.8
2022-02-24,1231.5
2022-02-25,4595.2
2022-02-26,1296.8
2022-02-27,2570.6
2022-02-28,4239.3
2022-03-01,8528.1
2022-03-02,4487.6
2022-03-03,7663.2
2022-03-04,10299.7
2022-03-05,2034.7
2022-03-06,1833.7
2022-03-07,1378.1
2022-03-08,599.5
2022-03-09,9188.0
2022-03-10,14213.1
2022-03-11,17477.1
2022-03-12,17179.8
2022-03-13,8696.7
2022-03-14,9381.2
2022-03-15,8571.5
2022-03-16,9365.1
2022-03-17,18378.0
2022-03-18,17446.7
2022-03-19,11126.5
2022-03-20,13133.2
2022-03-21,25308.5
2022-03-22,47013.9
2022-03-23,23558.2
2022-03-24,21924.8
2022-03-25,8540.3
2022-03-26,7506.7
2022-03-27,9688.1
2022-03-28,13245.8
2022-03-29,25877.8
2022-03-30,16394.3
2022-03-31,67889.6
2022-04-01,7061.8
2022-04-02,3105.6
2022-04-03,3047.1
2022-04-04,3263.8
2022-04-05,3581.2
2022-04-06,6099.9
2022-04-07,39260.4
2022-04-08,12253.7
2022-04-09,10938.4
2022-04-10,3760.3
2022-04-11,14345.4
2022-04-12,10291.2
2022-04-13,8534.800000000001
2022-04-14,7484.3
2022-04-15,2578.7
2022-04-16,15781.9
2022-04-17,32508.2
2022-04-18,11767.9
2022-04-19,13426.6
2022-04-20,14035.7
2022-04-21,20338.9
2022-04-22,27267.9
2022-04-23,25464.3
2022-04-24,50998.6
2022-04-25,17557.9
2022-04-26,12121.1
2022-04-27,18487.7
2022-04-28,8130.5
2022-04-29,7294.7
2022-04-30,5216.7
2022-05-01,5627.0
2022-05-02,22262.2
2022-05-03,16672.3
2022-05-04,34169.8
2022-05-05,13148.7
2022-05-06,18508.2
2022-05-07,23344.8
2022-05-08,11437.8
2022-05-09,26307.8
2022-05-10,17286.5
2022-05-11,15468.4
2022-05-12,30567.2
2022-05-13,11997.0
2022-05-14,20386.7
2022-05-15,15344.6
2022-05-16,32106.2
2022-05-17,50575.9
2022-05-18,37068.4
2022-05-19,12391.2
2022-05-20,10592.6
2022-05-21,12134.0
2022-05-22,8007.4
2022-05-23,9092.5
2022-05-24,6950.3
2022-05-25,15123.3
2022-05-26,18674.2
2022-05-27,25481.7
2022-05-28,12279.5
2022-05-29,7306.3
2022-05-30,5402.9
2022-05-31,5745.5
2022-06-01,2261.4
2022-06-02,1540.5
2022-06-03,2981.7
2022-06-04,1574.4
2022-06-05,1087.5
2022-06-06,2832.5
2022-06-07,3253.7
2022-06-08,8532.5
2022-06-09,4450.9
2022-06-10,3938.0
2022-06-11,5978.8
2022-06-12,12114.2
2022-06-13,12852.1
2022-06-14,18456.100000000002
2022-06-15,18776.3
2022-06-16,18148.2
2022-06-17,16462.3
2022-06-18,13296.6
2022-06-19,10946.4
2022-06-20,4213.4
2022-06-21,14044.5
2022-06-22,27614.7
2022-06-23,16078.2
2022-06-24,10648.5
2022-06-25,8846.9
2022-06-26,3249.4
2022-06-27,2923.6
2022-06-28,2669.3
2022-06-29,1380.7
2022-06-30,1079.4
2022-07-01,527.3
2022-07-02,865.8
2022-07-03,3077.2
2022-07-04,2195.4
2022-07-05,11869.9
2022-07-06,6556.8
2022-07-07,10262.0
2022-07-08,11449.6
2022-07-09,4957.1
2022-07-10,6918.6
2022-07-11,5225.9
2022-07-12,7241.5
2022-07-13,10188.1
2022-07-14,27710.4
2022-07-15,7576.7
2022-07-16,4105.2
2022-07-17,9859.2
2022-07-18,7604.4
2022-07-19,14730.0
2022-07-20,9479.4
2022-07-21,29697.0
2022-07-22,14394.8
2022-07-23,8830.4
2022-07-24,26786.8
2022-07-25,15950.5
2022-07-26,12243.9
2022-07-27,23115.5
2022-07-28,15424.2
2022-07-29,17269.6
2022-07-30,12402.3
2022-07-31,6636.8
2022-08-01,6456.7
2022-08-02,36909.0
2022-08-03,8339.8
2022-08-04,5933.1
2022-08-05,4773.9
2022-08-06,9349.6
2022-08-07,9781.7
2022-08-08,7221.3
2022-08-09,18197.3
2022-08-10,5602.9
2022-08-11,4976.4
2022-08-12,4037.0
2022-08-13,13013.7
2022-08-14,16738.2
2022-08-15,25828.4
2022-08-16,33471.2
2022-08-17,34722.6
2022-08-18,33691.3
2022-08-19,27191.1
2022-08-20,17089.2
2022-08-21,47818.1
2022-08-22,14742.7
2022-08-23,18679.6
2022-08-24,25497.4
2022-08-25,25252.9
2022-08-26,29839.0
2022-08-27,65910.0
2022-08-28,23228.6
2022-08-29,26899.9
2022-08-30,14089.1
2022-08-31,6551.3
2022-09-01,3666.2999999999997
2022-09-02,8472.1
2022-09-03,5762.4
2022-09-04,7141.9
2022-09-05,12316.4
2022-09-06,8796.1
2022-09-07,8873.8
2022-09-08,5266.0
2022-09-09,5438.3
2022-09-10,8204.9
2022-09-11,4635.8
2022-09-12,5473.2
2022-09-13,11923.2
2022-09-14,5500.9
2022-09-15,8067.2
2022-09-16,19387.8
2022-09-17,24708.4
2022-09-18,44600.6
2022-09-19,29324.9
2022-09-20,34411.4
2022-09-21,22466.3
2022-09-22,18646.7
2022-09-23,30771.7
2022-09-24,38055.9
2022-09-25,45569.5
2022-09-26,16700.0
2022-09-27,16939.3
2022-09-28,4442.2
2022-09-29,26518.4
2022-09-30,28666.5
2022-10-01,1526.7
2022-10-02,2590.5
2022-10-03,6050.4
2022-10-04,2179.5
2022-10-05,3210.0
2022-10-06,2356.0
2022-10-07,3543.4
2022-10-08,15012.3
2022-10-09,7936.3
2022-10-10,17263.3
2022-10-11,8596.8
2022-10-12,8709.6
2022-10-13,10548.7
2022-10-14,4682.4
2022-10-15,6109.1
2022-10-16,20411.0
2022-10-17,13128.1
2022-10-18,14717.0
2022-10-19,9654.5
2022-10-20,17196.0
2022-10-21,42203.6
2022-10-22,45473.3
2022-10-23,20055.0
2022-10-24,31281.9
2022-10-25,36593.3
2022-10-26,66716.4
2022-10-27,33816.0
2022-10-28,22243.8
2022-10-29,37143.6
2022-10-30,23507.4
2022-10-31,51045.1
2022-11-01,118424.6
2022-11-02,92645.0
2022-11-03,70202.7
2022-11-04,77409.1
2022-11-05,59566.6
2022-11-06,59690.0
2022-11-07,20250.5
2022-11-08,17946.1
2022-11-09,32402.1
2022-11-10,28121.1
2022-11-11,21863.8
2022-11-12,31413.2
2022-11-13,31659.4
2022-11-14,23282.4
2022-11-15,36479.3
2022-11-16,14640.1
2022-11-17,16481.2
2022-11-18,12695.7
2022-11-19,9692.5
2022-11-20,3895.9
2022-11-21,5420.0
2022-11-22,11230.4
2022-11-23,8290.2
2022-11-24,8568.3
2022-11-25,2735.1
2022-11-26,7969.7
2022-11-27,2089.7
2022-11-28,5702.3
2022-11-29,2207.1
2022-11-30,17898.8
2022-12-01,4099.5
2022-12-02,47712.4
2022-12-03,14739.9
2022-12-04,6978.7
2022-12-05,15968.800000000001
2022-12-06,14419.6
2022-12-07,9067.6
2022-12-08,13732.7
2022-12-09,11308.2
2022-12-10,26470.399999999998
2022-12-11,9391.0
2022-12-12,29539.2
2022-12-13,46796.3
2022-12-14,18955.5
2022-12-15,17637.7
2022-12-16,9418.4
2022-12-17,11021.4
2022-12-18,1391.9
2022-12-19,2616.2999999999997
2022-12-20,7534.7
2022-12-21,6633.900000000001
2022-12-22,4262.1
2022-12-23,7301.9
2022-12-24,2088.7
2022-12-25,1690.6
2022-12-26,2752.8
2022-12-27,8449.2
2022-12-28,3479.7
2022-12-29,4591.9
2022-12-30,19562.0
2022-12-31,5101.9
2023-01-01,5938.7
2023-01-02,1112.8999999999999
2023-01-03,2632.5
2023-01-04,3789.3
2023-01-05,194.9
2023-01-06,648.0
2023-01-07,743.6
2023-01-08,524.8
2023-01-09,7534.5
2023-01-10,8143.9
2023-01-11,13428.300000000001
2023-01-12,1792.8
2023-01-13,1692.1
2023-01-14,3101.2999999999997
2023-01-15,2322.9
2023-01-16,3616.8
2023-01-17,1542.2
2023-01-18,5160.7
2023-01-19,2074.6
2023-01-20,1636.6000000000001
2023-01-21,1271.1
2023-01-22,2927.0
2023-01-23,1116.9
2023-01-24,28122.8
2023-01-25,4446.1
2023-01-26,448.59999999999997
2023-01-27,11733.6
2023-01-28,911.3000000000001
2023-01-29,1382.2
2023-01-30,1775.8
2023-01-31,465.4
2023-02-01,2631.0
2023-02-02,128.2
2023-02-03,4152.5
2023-02-04,26965.7
2023-02-05,2391.2
2023-02-06,8813.7
2023-02-07,16201.2
2023-02-08,9654.0
2023-02-09,1191.3
2023-02-10,6159.8
2023-02-11,11350.2
2023-02-12,11803.0
2023-02-13,55025.9
2023-02-14,8050.099999999999
2023-02-15,8847.0
2023-02-16,7649.4
2023-02-17,14662.8
2023-02-18,12352.1
2023-02-19,10854.5
2023-02-20,8518.9
2023-02-21,30555.2
2023-02-22,2672.8
2023-02-23,2719.6
2023-02-24,3223.3
2023-02-25,1462.1
2023-02-26,2623.4
2023-02-27,3577.6
2023-02-28,3240.5
2023-03-01,27825.1
2023-03-02,7016.4
2023-03-03,10432.6
2023-03-04,6724.0
2023-03-05,22785.9
2023-03-06,28590.7
2023-03-07,44253.3
2023-03-08,63552.3
2023-03-09,93192.7
2023-03-10,59334.4
2023-03-11,38803.9
2023-03-12,27513.9
2023-03-13,19715.3
2023-03-14,25958.4
2023-03-15,23779.8
2023-03-16,39930.2
2023-03-17,23534.0
2023-03-18,23467.9
2023-03-19,30529.2
2023-03-20,24294.5
2023-03-21,13284.1
2023-03-22,22637.2
2023-03-23,40667.2
2023-03-24,8747.3
2023-03-25,8377.8
2023-03-26,15762.7
2023-03-27,7705.1
2023-03-28,9476.6
2023-03-29,12284.5
2023-03-30,27029.4
2023-03-31,11961.0
2023-04-01,7571.9
2023-04-02,9412.5
2023-04-03,35440.0
2023-04-04,47723.5
2023-04-05,44675.5
2023-04-06,9056.2
2023-04-07,7423.3
2023-04-08,2808.2
2023-04-09,1876.5
2023-04-10,3934.0
2023-04-11,3005.7000000000003
2023-04-12,3924.2
2023-04-13,7860.9
2023-04-14,17992.4
2023-04-15,1922.8
2023-04-16,1567.1
2023-04-17,5162.5
2023-04-18,15844.2
2023-04-19,32186.7
2023-04-20,30175.2
2023-04-21,26914.7
2023-04-22,53009.2
2023-04-23,52893.7
2023-04-24,41990.4
2023-04-25,19234.9
2023-04-26,16296.6
2023-04-27,17822.0
2023-04-28,12372.7
2023-04-29,7231.5
2023-04-30,8328.7
2023-05-01,9001.9
2023-05-02,11961.6
2023-05-03,24159.2
2023-05-04,31517.7
2023-05-05,8540.6
2023-05-06,7272.6
2023-05-07,12155.2
2023-05-08,12211.2
2023-05-09,14816.2
2023-05-10,21626.6
2023-05-11,21539.9
2023-05-12,23994.7
2023-05-13,9115.6
2023-05-14,11351.9
2023-05-15,8775.1
2023-05-16,29714.7
2023-05-17,26732.1
2023-05-18,38169.2
2023-05-19,40426.8
2023-05-20,15218.1
2023-05-21,34056.1
2023-05-22,25076.6
2023-05-23,47214.3
2023-05-24,31563.4
2023-05-25,47402.4
2023-05-26,40860.1
2023-05-27,45946.9
2023-05-28,22947.4
2023-05-29,28004.9
2023-05-30,71534.8
2023-05-31,16267.9
2023-06-01,49715.4
2023-06-02,34633.8
2023-06-03,27291.0
2023-06-04,28902.0
2023-06-05,23231.7
2023-06-06,19880.0
2023-06-07,9899.1
2023-06-08,5513.6
2023-06-09,19875.9
2023-06-10,49620.4
2023-06-11,6763.8
2023-06-12,4802.7
2023-06-13,10728.7
2023-06-14,9458.1
2023-06-15,16175.8
2023-06-16,21213.9
2023-06-17,7642.5
2023-06-18,7409.4
2023-06-19,6061.1
2023-06-20,12414.1
2023-06-21,7983.5
2023-06-22,4348.5
2023-06-23,6423.5
2023-06-24,3673.3
2023-06-25,11357.5
2023-06-26,9803.3
2023-06-27,7769.3
2023-06-28,8279.9
2023-06-29,10622.1
2023-06-30,5617.5
2023-07-01,7196.4
2023-07-02,1820.6
2023-07-03,2433.7
2023-07-04,1725.0
2023-07-05,1918.2
2023-07-06,4533.3
2023-07-07,4556.6
2023-07-08,8314.5
2023-07-09,4732.1
2023-07-10,7334.1
2023-07-11,6523.1
2023-07-12,7347.8
2023-07-13,10248.6
2023-07-14,3988.1
2023-07-15,8348.8
2023-07-16,3731.3
2023-07-17,6829.4
2023-07-18,11508.3
2023-07-19,17525.4
2023-07-20,14735.1
2023-07-21,4760.5
2023-07-22,10444.4
2023-07-23,11155.5
2023-07-24,16467.5
2023-07-25,10639.1
2023-07-26,10243.6
2023-07-27,9226.5
2023-07-28,10575.8
2023-07-29,11652.2
2023-07-30,10195.7
2023-07-31,15463.2
2023-08-01,8859.0
2023-08-02,8310.5
2023-08-03,9971.1
2023-08-04,11876.7
2023-08-05,5902.3
2023-08-06,8391.6
2023-08-07,9294.1
2023-08-08,15769.6
2023-08-09,18701.3
2023-08-10,21226.2
2023-08-11,12632.2
2023-08-12,11175.1
2023-08-13,9007.6
2023-08-14,12000.7
2023-08-15,8869.8
2023-08-16,10503.1
2023-08-17,12709.2
2023-08-18,17403.4
2023-08-19,22759.4
2023-08-20,18669.9
2023-08-21,16420.5
2023-08-22,18960.3
2023-08-23,18431.6
2023-08-24,26321.5
2023-08-25,38096.8
2023-08-26,30101.3
2023-08-27,33628.7
2023-08-28,19506.5
2023-08-29,31976.2
2023-08-30,50386.0
2023-08-31,55385.9
2023-09-01,40968.8
2023-09-02,60395.5
2023-09-03,195173.4
2023-09-04,50566.8
2023-09-05,82271.7
2023-09-06,145391.3
2023-09-07,144917.4
2023-09-08,240540.1
2023-09-09,155401.7
2023-09-10,84401.8
2023-09-11,104422.8
2023-09-12,117776.4
2023-09-13,212557.4
2023-09-14,65191.1
2023-09-15,72847.7
2023-09-16,67683.8
2023-09-17,91985.1
2023-09-18,97420.1
2023-09-19,61293.5
2023-09-20,65467.6
2023-09-21,58657.4
2023-09-22,116642.3
2023-09-23,80139.2
2023-09-24,46596.7
2023-09-25,59299.9
2023-09-26,126334.8
2023-09-27,109081.7
2023-09-28,237227.3
2023-09-29,164186.9
2023-09-30,116091.2
2023-10-01,149343.9
2023-10-02,165442.9
2023-10-03,388590.1
2023-10-04,382021.4
2023-10-05,228896.2
2023-10-06,282621.6
2023-10-07,287982.8
2023-10-08,188984.8
2023-10-09,145689.9
2023-10-10,163518.9
2023-10-11,196943.9
2023-10-12,179827.1
2023-10-13,174524.0
2023-10-14,296838.4
2023-10-15,439746.8
2023-10-16,484558.7
2023-10-17,302165.9
2023-10-18,244442.0
2023-10-19,230981.5
2023-10-20,284051.8
2023-10-21,319387.0
2023-10-22,581759.1
2023-10-23,365086.0
2023-10-24,465615.9
2023-10-25,441885.4
2023-10-26,463111.8
2023-10-27,362935.0
2023-10-28,306015.2
2023-10-29,342401.8
2023-10-30,304494.3
2023-10-31,370147.1
2023-11-01,173974.8
2023-11-02,347884.1
2023-11-03,326085.2
2023-11-04,340682.1
2023-11-05,295555.3
2023-11-06,430200.8
2023-11-07,289575.0
2023-11-08,182454.4
2023-11-09,210125.2
2023-11-10,167139.9
2023-11-11,65507.0
2023-11-12,62909.1
2023-11-13,159251.7
2023-11-14,143605.5
2023-11-15,115329.1
2023-11-16,80262.7
2023-11-17,72129.7
2023-11-18,56076.1
2023-11-19,62837.3
2023-11-20,22285.4
2023-11-21,28854.6
2023-11-22,33090.4
2023-11-23,10970.1
2023-11-24,20443.8
2023-11-25,21790.8
2023-11-26,45937.3
2023-11-27,19239.5
2023-11-28,13689.1
2023-11-29,42576.4
2023-11-30,66701.5
2023-12-01,32695.6
2023-12-02,17906.0
2023-12-03,57388.4
2023-12-04,91506.8
2023-12-05,85587.7
2023-12-06,91791.7
2023-12-07,243433.1
2023-12-08,132418.1
2023-12-09,40663.5
2023-12-10,94668.0
2023-12-11,97235.1
2023-12-12,32605.1
2023-12-13,43596.8
2023-12-14,38816.4
2023-12-15,26033.9
2023-12-16,41269.7
2023-12-17,147724.4
2023-12-18,74711.9
2023-12-19,42671.8
2023-12-20,83271.3
2023-12-21,46062.3
2023-12-22,101511.0
2023-12-23,139786.0
2023-12-24,102033.5
2023-12-25,96984.3
2023-12-26,68474.7
2023-12-27,168348.1
2023-12-28,106082.3
2023-12-29,122574.1
2023-12-30,141318.3
2023-12-31,121900.2
2024-01-01,161474.6
2024-01-02,133098.1
2024-01-03,79046.2
2024-01-04,27228.399999999998
2024-01-05,16215.3
2024-01-06,9315.0
2024-01-07,14497.7
2024-01-08,2838.6
2024-01-09,15640.1
2024-01-10,19187.2
2024-01-11,13752.4
2024-01-12,8449.8
2024-01-13,13599.3
2024-01-14,9494.9
2024-01-15,5678.3
2024-01-16,5036.5
2024-01-17,19442.5
2024-01-18,16011.1
2024-01-19,4160.0
2024-01-20,2572.2
2024-01-21,92.3
2024-01-22,5725.1
2024-01-23,7325.3
2024-01-24,2715.8
2024-01-25,6907.7
2024-01-26,1354.8
2024-01-27,519.5
2024-01-28,172.9
2024-01-29,4676.1
2024-01-30,5640.3
2024-01-31,1411.0
2024-02-01,4494.4
2024-02-02,8369.0
2024-02-03,14759.6
2024-02-04,5745.3
2024-02-05,9099.3
2024-02-06,4132.7
2024-02-07,34418.0
2024-02-08,24440.0
2024-02-09,4807.2
2024-02-10,6104.4
2024-02-11,11026.0
2024-02-12,3155.9
2024-02-13,12398.8
2024-02-14,929.1
2024-02-15,3851.4
2024-02-16,2517.7000000000003
2024-02-17,2673.0
2024-02-18,1670.2
2024-02-19,473.1
2024-02-20,2524.8
2024-02-21,24176.8
2024-02-22,45503.9
2024-02-23,4042.6
2024-02-24,3404.2999999999997
2024-02-25,6676.7
2024-02-26,2697.5
2024-02-27,4845.2
2024-02-28,5711.8
2024-02-29,2328.6
2024-03-01,2589.8
2024-03-02,1018.2
2024-03-03,9512.9
2024-03-04,2377.5
2024-03-05,3058.6
2024-03-06,1016.2
2024-03-07,5312.7
2024-03-08,1437.9
2024-03-09,1021.7
2024-03-10,195.1
2024-03-11,1500.7
2024-03-12,10738.8
2024-03-13,6849.3
2024-03-14,2881.2
2024-03-15,3245.7
2024-03-16,1509.8
2024-03-17,836.2
2024-03-18,2083.1
2024-03-19,7047.5
2024-03-20,929.1
2024-03-21,14105.5
2024-03-22,10332.2
2024-03-23,6393.599999999999
2024-03-24,1932.8
2024-03-25,7162.2
2024-03-26,16605.6
2024-03-27,13885.8
2024-03-28,14138.5
2024-03-29,4985.3
2024-03-30,10981.4
2024-03-31,5250.599999999999
2024-04-01,2488.2
2024-04-02,6479.0
2024-04-03,13106.1
2024-04-04,13481.0
2024-04-05,16609.3
2024-04-06,14197.2
2024-04-07,7020.2
2024-04-08,5336.9
2024-04-09,13844.6
2024-04-10,16708.8
2024-04-11,25860.3
2024-04-12,23854.7
2024-04-13,14604.5
2024-04-14,17668.3
2024-04-15,23604.1
2024-04-16,17677.6
2024-04-17,80553.8
2024-04-18,11048.8
2024-04-19,17502.4
2024-04-20,16708.2
2024-04-21,13811.9
2024-04-22,32698.7
2024-04-23,18590.8
2024-04-24,18990.5
2024-04-25,17807.4
2024-04-26,25428.0
2024-04-27,10623.2
2024-04-28,15861.4
2024-04-29,5157.9
2024-04-30,10883.7
2024-05-01,8300.3
2024-05-02,15059.4
2024-05-03,8472.0
2024-05-04,11035.1
2024-05-05,4954.8
2024-05-06,10484.3
2024-05-07,14608.1
2024-05-08,22064.1
2024-05-09,15311.1
2024-05-10,14187.4
2024-05-11,6820.2
2024-05-12,4863.3
2024-05-13,5275.4
2024-05-14,16560.6
2024-05-15,22209.5
2024-05-16,11063.0
2024-05-17,15818.3
2024-05-18,7641.7
2024-05-19,11755.2
2024-05-20,27427.5
2024-05-21,42650.6
2024-05-22,20215.5
2024-05-23,17548.4
2024-05-24,10437.8
2024-05-25,3415.9
2024-05-26,5083.9
2024-05-27,7239.0
2024-05-28,6837.6
2024-05-29,14181.2
2024-05-30,2144.2
2024-05-31,2638.1
2024-06-01,2469.6
2024-06-02,5510.8
2024-06-03,6430.9
2024-06-04,2131.6
2024-06-05,8178.4
2024-06-06,8610.4
2024-06-07,15140.6
2024-06-08,7170.2
2024-06-09,4266.0
2024-06-10,19463.399999999998
2024-06-11,4218.7
2024-06-12,23447.2
2024-06-13,12324.800000000001
2024-06-14,15201.4
2024-06-15,9033.6
2024-06-16,6482.8
2024-06-17,17426.5
2024-06-18,10018.5
2024-06-19,10395.5
2024-06-20,12741.6
2024-06-21,6155.6
2024-06-22,12789.1
2024-06-23,2226.6
2024-06-24,8207.8
2024-06-25,5784.5
2024-06-26,5727.0
2024-06-27,27111.1
2024-06-28,2361.6
2024-06-29,1884.8
2024-06-30,2734.9
2024-07-01,1129.3
2024-07-02,4161.9
2024-07-03,9936.9
2024-07-04,17288.5
2024-07-05,3157.5
2024-07-06,2033.1999999999998
2024-07-07,1899.4
2024-07-08,5018.3
2024-07-09,8755.9
2024-07-10,11223.4
2024-07-11,12086.9
2024-07-12,9004.7
2024-07-13,11903.8
2024-07-14,7794.2
2024-07-15,11595.5
2024-07-16,18731.5
2024-07-17,19052.4
2024-07-18,23693.7
2024-07-19,10848.9
2024-07-20,11889.4
2024-07-21,15861.1
2024-07-22,8266.9
2024-07-23,15356.6
2024-07-24,24685.4
2024-07-25,11177.9
2024-07-26,9109.8
2024-07-27,4926.5
2024-07-28,8939.0
2024-07-29,5813.3
2024-07-30,5516.5
2024-07-31,9072.7
2024-08-01,8267.8
2024-08-02,9733.5
2024-08-03,12594.8
2024-08-04,9519.9
2024-08-05,4502.9
2024-08-06,5704.9
2024-08-07,17128.8
2024-08-08,4445.2
2024-08-09,22304.3
2024-08-10,13419.1
2024-08-11,5688.4
2024-08-12,14539.5
2024-08-13,13489.9
2024-08-14,12743.6
2024-08-15,9168.7
2024-08-16,16169.6
2024-08-17,23387.7
2024-08-18,17694.0
2024-08-19,13041.1
2024-08-20,11585.8
2024-08-21,8424.5
2024-08-22,12248.2
2024-08-23,16008.9
2024-08-24,10959.2
2024-08-25,14495.8
2024-08-26,18657.6
2024-08-27,22273.4
2024-08-28,28471.3
2024-08-29,18033.6
2024-08-30,18105.5
2024-08-31,11473.2
2024-09-01,7121.6
2024-09-02,25677.3
2024-09-03,28122.4
2024-09-04,16977.2
2024-09-05,19595.0
2024-09-06,4392.8
2024-09-07,12225.5
2024-09-08,10443.9
2024-09-09,20088.8
2024-09-10,21227.2
2024-09-11,14548.4
2024-09-12,50477.8
2024-09-13,49930.8
2024-09-14,61772.3
2024-09-15,21461.3
2024-09-16,8593.7
2024-09-17,9458.6
2024-09-18,5589.4
2024-09-19,5477.5
2024-09-20,34798.7
2024-09-21,65068.3
2024-09-22,52565.5
2024-09-23,66684.1
2024-09-24,21928.3
2024-09-25,27692.7
2024-09-26,12001.9
2024-09-27,14631.5
2024-09-28,11861.3
2024-09-29,46848.9
2024-09-30,67131.1
2024-10-01,41630.7
2024-10-02,74328.0
2024-10-03,56589.8
2024-10-04,66306.4
2024-10-05,34980.4
2024-10-06,65165.2
2024-10-07,91721.1
2024-10-08,89276.5
2024-10-09,278399.4
2024-10-10,153018.3
2024-10-11,140081.8
2024-10-12,67577.8
2024-10-13,26461.0
2024-10-14,32822.3
2024-10-15,14607.7
2024-10-16,50593.1
2024-10-17,34435.3
2024-10-18,33262.6
2024-10-19,57190.2
2024-10-20,76868.0
2024-10-21,152909.6
2024-10-22,131767.3
2024-10-23,92046.9
2024-10-24,265910.1
2024-10-25,128380.0
2024-10-26,173840.2
2024-10-27,97441.1
2024-10-28,67795.1
2024-10-29,121234.2
2024-10-30,57124.9
2024-10-31,110672.5
2024-11-01,68204.5
2024-11-02,177177.4
2024-11-03,192833.5
2024-11-04,241475.6
2024-11-05,192136.3
2024-11-06,133717.3
2024-11-07,195801.8
2024-11-08,149058.4
2024-11-09,76034.8
2024-11-10,129518.8
2024-11-11,51564.0
2024-11-12,87796.4
2024-11-13,124331.8
2024-11-14,70055.3
2024-11-15,103927.8
2024-11-16,33193.7
2024-11-17,58023.1
2024-11-18,9166.9
2024-11-19,27594.7
2024-11-20,22845.4
2024-11-21,21633.899999999998
2024-11-22,15222.4
2024-11-23,7420.6
2024-11-24,18496.9
2024-11-25,36359.0
2024-11-26,43771.4
2024-11-27,86766.7
2024-11-28,52087.1
2024-11-29,6488.7
2024-11-30,3528.9
2024-12-01,3483.1
2024-12-02,5886.2
2024-12-03,1846.8
2024-12-04,3445.7
2024-12-05,5451.0
2024-12-06,9285.3
2024-12-07,4792.7
2024-12-08,7931.1
2024-12-09,24660.4
2024-12-10,23111.4
2024-12-11,5674.2
2024-12-12,6914.8
2024-12-13,7676.5
2024-12-14,26346.1
2024-12-15,24068.8
2024-12-16,12714.7
2024-12-17,30340.8
2024-12-18,27744.6
2024-12-19,46063.8
2024-12-20,65113.8
2024-12-21,22558.4
2024-12-22,9474.4
2024-12-23,14332.5
2024-12-24,29694.3
2024-12-25,53157.5
2024-12-26,12647.1
2024-12-27,5674.0
2024-12-28,16618.9
2024-12-29,16934.9
2024-12-30,21964.2
2024-12-31,17740.7
